intent;expression
Umail.Mail.AddMailToHistory;Een geschiedenis maken vanuit een e-mail
Cal.App.AddHistoryItem;hoe geschiedenis van de kalender opslaan
Cal.App.AddHistoryItem;hoe geschiedenis van een bezoek toevoegen
Cal.App.AddHistoryItem;hoe geschiedenis van een evenement opslaan
Prop.Proj.CreateSubProject;Hoe een deelproject maken
Umail.Mail.AddMailToHistory;Hoe een e-mail aan de geschiedenis toevoegen
Umail.Mail.AddMailToHistory;Hoe een e-mail aan een geschiedenis koppelen
Umail.Mail.AddMailToHistory;Hoe een e-mail bij een geschiedenis voegen
Umail.Mail.AddMailToHistory;Hoe een mail bij een geschiedenis voegen
Umail.Mail.AddMailToHistory;Hoe een e-mail in een geschiedenis integreren
Cal.App.AddHistoryItem;Hoe een evenement uit de agenda verwijderen zonder geschiedenis van het pand te verwijderen
Cal.App.AddHistoryItem;Hoe een evenement uit de agenda verwijderen zonder de contactgeschiedenis te verwijderen
Cal.App.AddHistoryItem;Hoe een evenement uit de agenda verwijderen zonder geschiedenis van het contact the verwijderen
Prop.Proj.CreateSubProject;Hoe een project in verschillende delen opsplitsen
Prop.Proj.CreateSubProject;Hoe een project in verschillende delen te scheiden
Prop.Proj.CreateSubProject;Hoe een project in verschillende delen te splitsen
Prop.Proj.CreateSubProject;Hoe een project in verschillende fasen te splitsen
Prop.Proj.CreateSubProject;Hoe een project in verschillende fasen te verdelen
Prop.Proj.CreateSubProject;Hoe een project op te splitsen in verschillende fasen
Prop.Proj.CreateSubProject;Hoe een project opsplitst in verschillende delen
Prop.Proj.CreateSubProject;ik wil een subproject maken
Prop.Proj.CreateSubProject;Hoe een subproject toevoegt
Umail.Mail.AddMailToHistory;Hoe e-mails bijhouden die naar een contactpersoon zijn verzonden
Umail.Mail.AddMailToHistory;Hoe e-mails bijhouden die naar een eigenaar zijn verzonden
Umail.Mail.AddMailToHistory;Hoe e-mails bijhouden die naar een kandidaat zijn verzonden
Umail.Mail.AddMailToHistory;Hoe e-mails bijhouden die naar een klant zijn verzonden
Cal.App.AddHistoryItem;hoe een bezoek toevoegen aan de geschiedenis
Prop.Proj.CreateSubProject;Hoe maak je een subproject aan
Prop.Proj.CreateSubProject;Hoe presenteer je een project in verschillende fasen
Cal.App.AddHistoryItem;Hoe een afspraak in de geschiedenis aanpassen
Cal.App.AddHistoryItem;Hoe een afspraak in de geschiedenis wijzigen
Cal.App.AddHistoryItem;Hoe een afspraak uit de agenda verwijderen zonder de geschiedenis van de kandidaat te verwijderen
Cal.App.AddHistoryItem;Hoe een afspraak uit de agenda wissen zonder de geschiedenis van de kandidaat te verwijderen
Cal.App.AddHistoryItem;Hoe een afspraak uit de kalender verwijderen zonder de geschiedenis van het pand te verwijderen
Cal.App.AddHistoryItem;Hoe een afspraak uit de kalender wissen zonder de geschiedenis van het pand te verwijderen
Cal.App.AddHistoryItem;hoe een bezoek wijzigen in de geschiedenis
Cal.App.AddHistoryItem;hoe een bezoek aanpassen in de geschiedenis
Cal.App.AddHistoryItem;Hoe een bezoek uit de kalender wissen zonder de eigendomsgeschiedenis te verwijderen
Cal.App.AddHistoryItem;Hoe een bezoek uit de kalender verwijderen zonder de eigendomsgeschiedenis te wissen
Cal.App.AddHistoryItem;Hoe een bezoek uit de kalender wissen zonder de bezoekersgeschiedenis te wissen
Cal.App.AddHistoryItem;Hoe een bezoek uit de kalender verwijderen zonder de bezoekersgeschiedenis te verwijderen
Cal.App.AddHistoryItem;Hoe een gebeurtenis in de geschiedenis aanpassen
Cal.App.AddHistoryItem;Hoe een gebeurtenis in de geschiedenis wijzigen
Cal.App.AddHistoryItem;Hoe een geschiedenis aanmaken op basis van een afspraak
Cal.App.AddHistoryItem;Hoe een geschiedenis maken op basis van de agenda
Cal.App.AddHistoryItem;Hoe een geschiedenis van een afspraak opslaan
Cal.App.AddHistoryItem;Hoe een geschiedenis maken op basis van een afspraak
Cal.App.AddHistoryItem;Hoe een geschiedenis van een bezoek registreren
Cal.App.AddHistoryItem;Hoe een geschiedenis maken op basis van een bezoek
Cal.App.AddHistoryItem;hoe een geschiedenis aanmaken vanuit een eveneement
Cal.App.AddHistoryItem;Hoe een geschiedenis van een evenement toevoegen
Cal.App.AddHistoryItem;Hoe van een afspraak een geschiedenis maakt
Cal.App.AddHistoryItem;hoe een geschiedenis aanmaken van een evenement
Cal.App.AddHistoryItem;Ik kan een afspraak in de geschiedenis niet aanpassen
Cal.App.AddHistoryItem;Ik kan een afspraak in de geschiedenis niet wijzigen
Cal.App.AddHistoryItem;Ik kan een afspraak niet uit de agenda verwijderen zonder de contactgeschiedenis te verwijderen
Cal.App.AddHistoryItem;Ik kan een afspraak niet uit de agenda wissen zonder de contactgeschiedenis te verwijderen
Cal.App.AddHistoryItem;Ik kan een afspraak niet uit de agenda wissen zonder de geschiedenis van de kandidaat te verwijderen
Cal.App.AddHistoryItem;Ik kan een afspraak niet uit de agenda verwijderen zonder de geschiedenis van de kandidaat te verwijderen
Cal.App.AddHistoryItem;Ik kan een bezoek veranderen in de geschiedenis
Cal.App.AddHistoryItem;Ik kan een bezoek niet aanpassen in de geschiedenis
Cal.App.AddHistoryItem;Ik kan een bezoek niet uit de agenda verwijderen zonder de bezoekersgeschiedenis te wissen
Cal.App.AddHistoryItem;Ik kan een bezoek niet uit de agenda wissen zonder de bezoekersgeschiedenis te verwijderen
Cal.App.AddHistoryItem;Ik kan een bezoek niet uit de agenda wissen zonder de bezoekersgeschiedenis te wissen
Cal.App.AddHistoryItem;Ik kan een bezoek niet uit de kalender verwijderen zonder de geschiedenis van het pand te verwijderen
Cal.App.AddHistoryItem;Ik kan een bezoek niet uit de kalender verwijderen zonder de pandgeschiedenis te verwijderen
Cal.App.AddHistoryItem;Ik kan een evenement niet in geschiedenis veranderen
Cal.App.AddHistoryItem;Ik kan een gebeurtenis in de geschiedenis niet aanpassen
Cal.App.AddHistoryItem;Ik kan een gebeurtenis niet in een geschiedenis veranderen
Cal.App.AddHistoryItem;Ik kan geen geschiedenis achterhalen van een bezoek
Cal.App.AddHistoryItem;Ik kan geen geschiedenis maken op basis van een afspraak
Cal.App.AddHistoryItem;Ik kan geen geschiedenis maken van de kalender
Cal.App.AddHistoryItem;Ik kan geen geschiedenis maken van een afspraak
Cal.App.AddHistoryItem;Ik kan geen geschiedenis maken van een bezoek
Cal.App.AddHistoryItem;Ik kan geen geschiedenis maken van een evenement
Cal.App.AddHistoryItem;Ik kan geen geschiedenis maken vanuit de kalender
Cal.App.AddHistoryItem;Ik kan geen geschiedenis aanmaken van een bezoek
Cal.App.AddHistoryItem;Ik kan geen geschiedenis aanmaken van een evenement
Cal.App.AddHistoryItem;Ik kan geen geschiedenis toevoegen vanuit de agenda
Cal.App.AddHistoryItem;Ik kan geen geschiedenis vanuit de kalender opslaan
Cal.App.AddHistoryItem;Ik kan geen geschiedenis vanuit de kalender plaatsen
Cal.App.AddHistoryItem;Ik kan geen geschiedenis van een afspraak maken
Cal.App.AddHistoryItem;Ik kan geen geschiedenis van een afspraak opslaan
Cal.App.AddHistoryItem;Ik kan geen geschiedenis van een afspraak toevoegen
Cal.App.AddHistoryItem;Ik kan geen geschiedenis van een bezoek bewaren
Cal.App.AddHistoryItem;Ik kan geen geschiedenis van een bezoek toevoegen
Cal.App.AddHistoryItem;Ik kan geen geschiedenis van een evenement opslaan
Cal.App.AddHistoryItem;Ik kan geen geschiedenis van een evenement plaatsen
Cal.App.AddHistoryItem;Ik kan geen geschiedenis van een evenement toevoegen
Cal.App.AddHistoryItem;Ik kan van een afspraak geen geschiedenis maken
Cal.App.AddHistoryItem;Ik kan van een bezoek geen geschiedenis maken
Cal.App.AddHistoryItem;Ik weet niet hoe ik een afspraak uit de agenda moet verwijderen zonder de contactgeschiedenis te verwijderen
Cal.App.AddHistoryItem;Ik weet niet hoe ik een afspraak uit de agenda moet wissen zonder de contactgeschiedenis te verwijderen
Cal.App.AddHistoryItem;Ik weet niet hoe ik een afspraak uit de agenda moet verwijderen zonder de geschiedenis van het pand te verwijderen
Cal.App.AddHistoryItem;Ik weet niet hoe ik een afspraak uit de agenda moet wissen zonder de geschiedenis van de kandidaat te wissen
Cal.App.AddHistoryItem;Ik weet niet hoe ik een afspraak uit de agenda moet verwijderen zonder de geschiedenis van de kandidaat te wissen
Cal.App.AddHistoryItem;Ik weet niet hoe ik een afspraak uit de agenda moet wissen zonder de geschiedenis van het pand te verwijderen
Cal.App.AddHistoryItem;Ik weet niet hoe ik een bezoek uit de kalender moet verwijderen zonder de eigendomsgeschiedenis te wissen
Cal.App.AddHistoryItem;Ik weet niet hoe ik een bezoek uit de kalender moet wissen zonder de eigendomsgeschiedenis te wissen
Umail.Mail.AddMailToHistory;Ik weet niet hoe ik een e-mail aan een geschiedenis moet koppelen
Umail.Mail.AddMailToHistory;Ik weet niet hoe ik een mail aan een geschiedenis moet koppelen
Umail.Mail.AddMailToHistory;Ik weet niet hoe ik een e-mail aan een geschiedenis moet toevoegen
Umail.Mail.AddMailToHistory;Ik weet niet hoe ik een mail aan een geschiedenis moet toevoegen
Umail.Mail.AddMailToHistory;Ik weet niet hoe ik een mail aan de geschiedenis moet toevoegen
Umail.Mail.AddMailToHistory;Ik weet niet hoe ik een mail bij een geschiedenis moet voegen
Umail.Mail.AddMailToHistory;Ik weet niet hoe ik een e-mail in een geschiedenis moet integreren
Cal.App.AddHistoryItem;Ik wil een afspraak uit de agenda verwijderen zonder de contactgeschiedenis te verwijderen
Cal.App.AddHistoryItem;Ik wil een afspraak uit de agenda wissen zonder de contactgeschiedenis te verwijderen
Cal.App.AddHistoryItem;Ik wil een afspraak uit de agenda verwijderen zonder de contactgeschiedenis te wissen
Cal.App.AddHistoryItem;Ik wil een afspraak uit de agenda wissen zonder de contactgeschiedenis te wissen
Cal.App.AddHistoryItem;Ik wil een afspraak uit de agenda verwijderen zonder de geschiedenis van de kandidaat te verwijderen
Cal.App.AddHistoryItem;Ik wil een afspraak uit de agenda wissen zonder de geschiedenis van de kandidaat te verwijderen
Cal.App.AddHistoryItem;Ik wil een afspraak uit de agenda verwijderen zonder de geschiedenis van de kandidaat te wissen
Cal.App.AddHistoryItem;Ik wil een afspraak uit de agenda wissen zonder de geschiedenis van de kandidaat te wissen
Cal.App.AddHistoryItem;Ik wil een afspraak uit de agenda verwijderen zonder de geschiedenis van het pand te verwijderen
Cal.App.AddHistoryItem;Ik wil een afspraak uit de agenda wissen zonder de geschiedenis van het pand te verwijderen
Cal.App.AddHistoryItem;Ik wil een afspraak uit de kalender verwijderen zonder de geschiedenis van het pand te wissen
Cal.App.AddHistoryItem;Ik wil een afspraak uit de kalender wissen zonder de geschiedenis van het pand te wissen
Cal.App.AddHistoryItem;ik wil een afspraak veranderen in de geschiedenis
Cal.App.AddHistoryItem;Ik wil een bezoek uit de kalender verwijderen zonder de bezoekersgeschiedenis te verwijderen
Cal.App.AddHistoryItem;Ik wil een bezoek uit de kalender wissen zonder de bezoekersgeschiedenis te verwijderen
Cal.App.AddHistoryItem;Ik wil een bezoek uit de kalender verwijderen zonder de bezoekersgeschiedenis te wissen
Cal.App.AddHistoryItem;Ik wil een bezoek uit de kalender wissen zonder de bezoekersgeschiedenis te wissen
Cal.App.AddHistoryItem;Ik wil een bezoek uit de kalender verwijderen zonder de eigendomsgeschiedenis te verwijderen
Cal.App.AddHistoryItem;Ik wil een bezoek uit de kalender wissen zonder de eigendomsgeschiedenis te verwijderen
Cal.App.AddHistoryItem;Ik wil een bezoek uit de kalender verwijderen zonder de eigendomsgeschiedenis te wissen
Cal.App.AddHistoryItem;Ik wil een bezoek uit de kalender wissen zonder de eigendomsgeschiedenis te wissen
Prop.Proj.CreateSubProject;Ik wil een deelproject aanmaken
Umail.Mail.AddMailToHistory;Ik wil een e-mail aan een geschiedenis koppelen
Umail.Mail.AddMailToHistory;Ik wil een e-mail bij een geschiedenis voegen
Umail.Mail.AddMailToHistory;Ik wil een e-mail bij een geschiedenis toevoegen
Umail.Mail.AddMailToHistory;Ik wil een e-mail toevoegen aan een geschiedenis
Cal.App.AddHistoryItem;Ik wil een geschiedenis van de kalender opslaan
Help.WhyChrome;Ik wil firefox gebruiken 
Help.WhyChrome;Ik wil firefox gebruiken in plaats van Chrome
Help.WhyChrome;Ik wil firefox installeren in plaats van Chrome
Umail.Mail.AddMailToHistory;Ik wil graag de e-mails bijhouden die naar een kandidaat zijn gestuurd
Cal.App.AddHistoryItem;Ik wil graag een geschiedenis aanmaken vanuit de kalender
Cal.App.AddHistoryItem;Ik wil graag een geschiedenis maken van een evenement
Cal.App.AddHistoryItem;Ik wil graag een geschiedenis uit de kalender toevoegen
Cal.App.AddHistoryItem;Ik wil graag een geschiedenis van een afspraak toevoegen
Cal.App.AddHistoryItem;Ik wil graag een geschiedenis van een evenement toevoegen
Cal.App.AddHistoryItem;Ik wil graag een geschiedenis vastleggen van een afspraak
Cal.App.AddHistoryItem;Ik wil graag een geschiedenis vastleggen van een bezoek
Cal.App.AddHistoryItem;Ik wil graag een historiek maken op basis van een afspraak
Umail.Mail.AddMailToHistory;Ik wil graag e-mails bijhouden die naar een contactpersoon zijn verzonden
Umail.Mail.AddMailToHistory;Ik wil graag e-mails bijhouden die naar een eigenaar zijn gestuurd
Umail.Mail.AddMailToHistory;Ik wil graag e-mails bijhouden die naar een klant zijn verzonden
Cal.App.AddHistoryItem;Ik wil van een afspraak een geschiedenis maken
Marketing.Activate;Ik zie het tabblad voor mailings niet
Help.WhyChrome;Ik zou Edge willen gebruiken in plaats van Chrome
Help.WhyChrome;Ik zou Edge willen installeren in plaats van Chrome
Cal.App.AddHistoryItem;Ik zou een afspraak in de geschiedenis willen aanpassen
Cal.App.AddHistoryItem;Ik zou een bezoek aan de geschiedenis willen veranderen
Cal.App.AddHistoryItem;Ik zou een bezoek in de geschiedenis willen aanpassen
Cal.App.AddHistoryItem;Ik zou een gebeurtenis in de geschiedenis willen aanpassen
Prop.Proj.CreateSubProject;Ik zou een project graag in verschillende fasen willen verdelen
Prop.Proj.CreateSubProject;Ik zou een project graag in verschillende fasen willen onderverdelen
Prop.Proj.CreateSubProject;Ik zou een project in verschillende delen willen opdelen
Prop.Proj.CreateSubProject;Ik zou een project in verschillende delen willen opsplitsen
Help.WhyChrome;Ik zou graag een andere browser willen gebruiken in plaats van Chrome
Help.WhyChrome;Ik wil een andere browser willen gebruiken in plaats van Chrome
Help.WhyChrome;Ik zou graag een andere browser willen gebruiken
Help.WhyChrome;Ik zou graag een andere webbrowser willen gebruiken in plaats van Chrome
Help.WhyChrome;Ik zou graag een andere browser willen installeren in plaats van Chrome
Help.WhyChrome;Ik wil een andere browser willen installeren in plaats van Chrome
Prop.Proj.CreateSubProject;Ik zou graag een deelproject willen aanmaken
Prop.Proj.CreateSubProject;Ik zou graag een deelproject willen maken
Prop.Proj.CreateSubProject;Ik zou graag een deelproject willen toevoegen
Umail.Mail.AddMailToHistory;Ik zou graag een e-mail in een geschiedenis willen integreren
Cal.App.AddHistoryItem;Ik zou graag een evenement in geschiedenis willen veranderen
Cal.App.AddHistoryItem;Ik zou graag een geschiedenis van de kalender willen plaatsen
Cal.App.AddHistoryItem;Ik zou graag een geschiedenis van een afspraak willen plaatsen
Cal.App.AddHistoryItem;Ik zou graag een geschiedenis van een bezoek willen plaatsen
Cal.App.AddHistoryItem;Ik zou graag een geschiedenis van een bezoek willen toevoegen
Cal.App.AddHistoryItem;Ik zou graag een geschiedenis van een evenement willen plaatsen
Cal.App.AddHistoryItem;Ik zou graag een geschiedenis van een evenement willen vastleggen
Cal.App.AddHistoryItem;Ik zou graag een geschiedenis willen maken van een afspraak
Cal.App.AddHistoryItem;Ik zou graag een geschiedenis willen maken van een bezoek
Cal.App.AddHistoryItem;Ik zou graag een geschiedenis willen schrijven van een bezoek
Cal.App.AddHistoryItem;Ik zou graag een geschiedenis willen schrijven van een evenement
Cal.App.AddHistoryItem;Ik zou graag een geschiedenis willen schrijven vanuit de kalender
Prop.Proj.CreateSubProject;Ik zou graag een project in verschillende delen willen maken
Prop.Proj.CreateSubProject;Ik zou graag een project in verschillende delen willen splitsen
Prop.Proj.CreateSubProject;Ik zou graag een project in verschillende fasen willen scheiden
Prop.Proj.CreateSubProject;Ik zou graag een project in verschillende fasen willen creeeren
Help.WhyChrome;Ik zou modzilla willen gebruiken in plaats van Chrome
Help.WhyChrome;ik wil modzila gebruiken in plaats van chrome
Help.WhyChrome;Ik zou modzilla willen installeren in plaats van Chrome
Help.WhyChrome;ik zou rand willen gebruiken in plaats van chroom
Help.WhyChrome;Ik zou Safari willen gebruiken in plaats van Chrome
Help.WhyChrome;ik zou safari willen gebruiken in plaats van chroom
Help.WhyChrome;Ik zou Safari willen installeren in plaats van Chrome
Cal.App.AddHistoryItem;Ik zou van een bezoek een geschiedenis willen maken
Marketing.Activate;"In mijn abonnement heb ik recht op de mailingtool, maar die heb ik niet"
Marketing.Activate;"In mijn abonnement heb ik recht op de mailingtool, maar ik kan deze niet vinden"
Marketing.Activate;"In mijn abonnement heb ik recht op de mailingtool, maar ik zie het niet"
Marketing.Activate;"In mijn abonnement heb ik recht op de marketingcampagne-tool, maar die heb ik niet"
Marketing.Activate;"In mijn abonnement heb ik recht op de marketingcampagne-tool, maar ik kan deze niet vinden"
Marketing.Activate;"In mijn abonnement heb ik recht op de marketingcampagne-tool, maar ik zie het niet"
Marketing.Activate;"In mijn abonnement heb ik recht op de marketingtool, maar die heb ik niet"
Marketing.Activate;"In mijn abonnement heb ik recht op de marketingtool, maar ik kan deze niet vinden"
Marketing.Activate;"In mijn abonnement heb ik recht op de marketingtool, maar ik zie het niet"
Marketing.Activate;"In mijn abonnement heb ik recht op de nieuwsbrieftool, maar die heb ik niet"
Marketing.Activate;"In mijn abonnement heb ik recht op de nieuwsbrieftool, maar ik kan deze niet vinden"
Marketing.Activate;"In mijn abonnement heb ik recht op de nieuwsbrieftool, maar ik zie het niet"
Marketing.Activate;"In mijn contract heb ik recht op de mailingtool, maar die heb ik niet"
Marketing.Activate;"In mijn contract heb ik recht op de mailingtool, maar ik kan deze niet vinden"
Marketing.Activate;"In mijn contract heb ik recht op de mailingtool, maar ik zie het niet"
Marketing.Activate;"In mijn contract heb ik recht op de marketingcampagne-tool, maar die heb ik niet"
Marketing.Activate;"In mijn contract heb ik recht op de marketingcampagne-tool, maar ik kan deze niet vinden"
Marketing.Activate;"In mijn contract heb ik recht op de marketingcampagne-tool, maar ik zie het niet"
Marketing.Activate;"In mijn contract heb ik recht op de marketingtool, maar die heb ik niet"
Marketing.Activate;"In mijn contract heb ik recht op de marketingtool, maar ik kan deze niet vinden"
Marketing.Activate;"In mijn contract heb ik recht op de marketingtool, maar ik zie het niet"
Marketing.Activate;"In mijn contract heb ik recht op de nieuwsbrieftool, maar die heb ik niet"
Marketing.Activate;"In mijn contract heb ik recht op de nieuwsbrieftool, maar ik kan deze niet vinden"
Marketing.Activate;"In mijn contract heb ik recht op de nieuwsbrieftool, maar ik zie het niet"
Marketing.Activate;"In mijn pack heb ik recht op de nieuwsbrieftool, maar die heb ik niet"
Marketing.Activate;"In mijn pack heb ik recht op de nieuwsbrieftool, maar ik kan deze niet vinden"
Marketing.Activate;"In mijn pack heb ik recht op de nieuwsbrieftool, maar ik zie het niet"
Marketing.Activate;"In mijn pakket heb ik recht op de mailingtool, maar die heb ik niet"
Marketing.Activate;"In mijn pakket heb ik recht op de mailingtool, maar ik kan deze niet vinden"
Marketing.Activate;"In mijn pakket heb ik recht op de mailingtool, maar ik zie het niet"
Marketing.Activate;Mijn collega heeft het tabblad mailing en ik niet
Prop.Proj.CreateSubProject;"Mijn project bestaat uit verschillende delen, hoe maak ik ze aan"
Prop.Proj.CreateSubProject;"Mijn project bevat verschillende blokken, hoe kan ik ze aanmaken"
Prop.Proj.CreateSubProject;"Mijn project bevat verschillende blokken, hoe ze aan te maken"
Prop.Proj.CreateSubProject;hoe maak ik subprojecten
Prop.Proj.CreateSubProject;ik wil subprojecten aanmaken
Prop.Proj.CreateSubProject;"Mijn project bevat verschillende blokken, hoe ze toevoegen"
Prop.Proj.CreateSubProject;"Mijn project bevat verschillende blokken, hoe ze aanmaken"
Prop.Proj.CreateSubProject;"Mijn project bevat verschillende blokken, hoe ze maken"
Prop.Proj.CreateSubProject;"Mijn project bevat verschillende delen, hoe ze toevoegen"
Prop.Proj.CreateSubProject;"Mijn project bevat verschillende delen, hoe ze aanmaken"
Prop.Proj.CreateSubProject;"Mijn project bevat verschillende gebouwen, hoe ze toevoegen"
Prop.Proj.CreateSubProject;"Mijn project bevat verschillende onderdelen,hoe ze aanmaken"
Prop.Proj.CreateSubProject;"Mijn project bevat verschillende onderdelen, hoe ze toevoegen"
Prop.Proj.CreateSubProject;"Mijn project bevat verschillende onderdelen, hoe ze maken"
Prop.Proj.CreateSubProject;"Mijn project heeft verschillende blokken, hoe ze aanmaken"
Prop.Proj.CreateSubProject;"Mijn project heeft verschillende blokken, hoe ze toevoegen"
Prop.Proj.CreateSubProject;"Mijn project heeft verschillende blokken, hoe ze maken"
Prop.Proj.CreateSubProject;"Mijn project heeft verschillende subprojecten, hoe voeg ik ze toe"
Prop.Proj.CreateSubProject;"Mijn project heeft verschillende fasen, hoe ze toevoegen"
Prop.Proj.CreateSubProject;"Mijn project heeft verschillende fasen, hoe ze maken"
Prop.Proj.CreateSubProject;"Mijn project heeft verschillende gebouwen, hoe ze toevoegen"
Prop.Proj.CreateSubProject;"Mijn project heeft verschillende gebouwen, hoe ze maken"
Prop.Proj.CreateSubProject;"Mijn project heeft verschillende gebouwen, hoe ze aanmaken"
Prop.Proj.CreateSubProject;"Mijn project heeft verschillende onderdelen, hoe ze aanmaken"
Prop.Proj.CreateSubProject;"Mijn project heeft verschillende onderdelen, hoe ze toevoegen"
Prop.Proj.CreateSubProject;"Mijn project heeft verschillende onderdelen, hoe ze maken"
Prop.Proj.CreateSubProject;"Mijn project omvat verschillende fasen, hoe ze toevoegen"
Prop.Proj.CreateSubProject;"Mijn project omvat verschillende fasen, hoe ze maken"
Prop.Proj.CreateSubProject;"Mijn project omvat verschillende fasen, hoe ze coderen"
Prop.Proj.CreateSubProject;"Mijn project omvat verschillende fasen, hoe ze te maken"
Prop.Proj.CreateSubProject;"Mijn project omvat verschillende gebouwen, hoe ze maken"
Prop.Proj.CreateSubProject;"Mijn project omvat verschillende gebouwen, hoe ze toevoegen"
Prop.Proj.CreateSubProject;"Mijn project omvat verschillende gebouwen, hoe ze coderen"
Prop.Proj.CreateSubProject;"Mijn project omvat verschillende gebouwen, hoe ze te maken"
Prop.Proj.CreateSubProject;waar is een deelproject voor
Help.WhyChrome;Waarom alleen Google Chrome gebruiken
Help.WhyChrome;Waarom ik modzilla niet kan gebruiken in plaats van Chrome
Help.WhyChrome;Waarom ik Safari niet kan gebruiken in plaats van Chrome
Help.WhyChrome;Waarom kan ik Edge niet gebruiken in plaats van Chrome
Help.WhyChrome;Waarom kan ik Edge niet gebruiken
Help.WhyChrome;Waarom kan ik Edge niet installeren in plaats van Chrome
Help.WhyChrome;Waarom kan ik firefox niet gebruiken in plaats van Chrome
Help.WhyChrome;Waarom kan ik firefox niet gebruiken 
Help.WhyChrome;Waarom kan ik firefox niet installeren in plaats van Chrome
Help.WhyChrome;is het mogelijk een andere browser gebruiken in plaats van Chrome
Help.WhyChrome;kan ik geen andere browser gebruiken in plaats van Chrome
Help.WhyChrome;ik wil een andere browser gebruiken in plaats van Chrome
Help.WhyChrome;Waarom kan ik geen andere browser gebruiken in plaats van Chrome
Help.WhyChrome;Waarom kan ik geen andere browser installeren in plaats van Chrome
Help.WhyChrome;ik wil een andere browser installeren in plaats van Chrome
Help.WhyChrome;Waarom kan ik modzilla niet gebruiken in plaats van Chrome
Help.WhyChrome;Waarom kan ik modzilla niet installeren in plaats van Chrome
Help.WhyChrome;Waarom kan ik Safari niet gebruiken in plaats van Chrome
Help.WhyChrome;Waarom kan ik Safari niet installeren in plaats van Chrome
Prop.Proj.CreateSubProject;Wat is een deelproject
